"employee_name";"employee_password";"employee_id"
"Ajitesh";"Ajitesh56";"1104"
"Amit";"ami56";"abtol"
"Pra";"pr56";"a1104"
"Pra";"pr56";"a1104"
"Pra";"pr56";"a1104"
"Pra";"pr56";"a1104"
"Pra";"pr56";"a1104"
"Pra";"pr56";"a1104"
"Pra";"pr56";"a1104"
"Pra";"pr56";"a1104"
"Pra";"pr56";"a1104"
"Pra";"pr56";"a1104"
"Pra";"pr56";"a1104"
"Pra";"pr56";"a1104"
"Pra";"pr56";"a1104"
"Pra";"pr56";"a1104"
"Pra";"pr56";"a1104"
"Pra";"pr56";"a1104"
"Pra";"pr56";"a1104"
"Pra";"pr56";"a1104"
"pankaj";"pankaj56";"p1085"
"regname";"regpassword";"rege"
"pranshu";"pra";"p1104"
"Hary";"hary";"1111"
"Hary";"";""
"Hary";"hary";"1111"
"AjiteshPraveen";"pranshu56";"9999"
"PranshuPraveen";"praveen";"1010"
"AmitJangir";"amit123";"1234"
"Manan";"manan1996";"1108"
